CompoundIndex,SMILES,library.name,A Effect Size,A-inh Effect Size,D Effect Size,D-inh Effect Size,blank Effect Size,A counts,A-inh counts,D counts,D-inh counts,blank counts
DEL0005-0001-0025-0267,CNc1nc(Nc2cc(C)ccc2F)cc(N2CCn3ncnc3C2)n1,DEL0005,40.09128127909078,230.98563840737128,61.834999248889936,-0.1,-0.1,2.0,11.0,3.0,0.0,0.0
DEL0005-0001-0575-0001,CNc1nc(F)cc(N2CCC(N3CCCCC3)C2)n1,DEL0005,15.040089249474052,47.50440859902066,-0.1,15.601133715065894,-0.1,2.0,6.0,0.0,2.0,0.0
DEL0005-0001-0575-0319,CCc1ccccc1Nc1cc(N2CCC(N3CCCCC3)C2)nc(NC)n1,DEL0005,40.09128127909078,209.982615625408,-0.1,41.565090349253865,-0.1,2.0,10.0,0.0,2.0,0.0
DEL0006-0001-0254-0277,CNc1cc(Nc2cn(C)nn2)nc(NCC(C)CNC(C)=O)n1,DEL0006,48.31415365503524,82.95706053808222,-0.1,-0.1,-0.1,3.0,5.0,0.0,0.0,0.0
