CompoundIndex,SMILES,library.name,A Effect Size,A-inh Effect Size,D Effect Size,D-inh Effect Size,blank Effect Size,A counts,A-inh counts,D counts,D-inh counts,blank counts,customlabel
DEL0006-0001-0118-0294,CNc1cc(Nc2cnc(C)nc2C)nc(N2CCc3nc[nH]c3C2)n1,DEL0006,32.18876443435701,-0.1,48.665241134897705,-0.1,-0.1,2.0,0.0,3.0,0.0,0.0,Orthosteric
DEL0005-0001-0025-0267,CNc1nc(Nc2cc(C)ccc2F)cc(N2CCn3ncnc3C2)n1,DEL0005,40.09128127909078,230.98563840737128,61.834999248889936,-0.1,-0.1,2.0,11.0,3.0,0.0,0.0,Orthosteric
DEL0006-0001-0365-0240,CNc1cc(Nc2cncc3ccccc23)nc(N2CCC(NC(C)=O)CC2)n1,DEL0006,32.18876443435701,-0.1,48.665241134897705,-0.1,-0.1,2.0,0.0,3.0,0.0,0.0,Orthosteric
DEL0001-0001-0059-0242,CNC(=O)CCCN(C)C,DEL0001,121.10454483664128,-0.1,27.57991886559897,-0.1,-0.1,11.0,0.0,3.0,0.0,0.0,Orthosteric
